Timestamp_ns,Label,Temp,CoreVolt,CacheMiss,CacheRef,PageFault,BranchMiss,FlipCount
1771565806875211331,Attack_Hot_LowVolt,80.054,1.1563,548580,53150754,10500,1498713,0
1771565807096072217,Attack_Hot_LowVolt,80.592,1.1563,1548578,89732163,6956,2602034,0
1771565807139948522,Attack_Hot_LowVolt,80.054,1.1563,1349140,62806027,3059,1471974,0
1771565807156776487,Attack_Hot_LowVolt,80.592,1.1563,1117318,51486655,5395,1416331,0
1771565807173966991,Attack_Hot_LowVolt,80.592,1.1563,1029601,53002231,6350,1924975,0
1771565807239758791,Attack_Hot_LowVolt,80.592,1.1563,1557784,57746806,2347,2717814,0
1771565807260108230,Attack_Hot_LowVolt,80.592,1.1563,1921434,57733064,1335,2463780,0
1771565807273028116,Attack_Hot_LowVolt,80.592,1.1563,1461016,54733767,26,1554357,0
1771565807356004794,Attack_Hot_LowVolt,80.054,1.1563,1884320,67531804,68,1521310,0
1771565807387967364,Attack_Hot_LowVolt,80.592,1.1563,2599178,88675983,84,1959198,0
1771565807405928159,Attack_Hot_LowVolt,80.592,1.1563,1966865,70120793,398,3530361,0
1771565807415093942,Attack_Hot_LowVolt,80.592,1.1563,1367204,71642406,1917,1417754,0
1771565807427954290,Attack_Hot_LowVolt,80.592,1.1563,826703,62089749,1586,1576126,0
1771565807439875058,Attack_Hot_LowVolt,80.054,1.1563,929572,61255325,2294,1481064,0
1771565807451932507,Attack_Hot_LowVolt,81.13,1.1563,1091583,61206784,862,1511504,0
1771565807531827914,Attack_Hot_LowVolt,80.592,1.1563,1108342,56249899,1432,1483312,0
1771565807633983749,Attack_Hot_LowVolt,79.516,1.1563,242963,46883043,535,3757210,0
1771565807738073021,Attack_Hot_LowVolt,80.054,1.1563,83622,47856989,2215,2014276,0
1771565807844155791,Attack_Hot_LowVolt,80.592,1.1563,102068,56148868,18607,1802745,0
1771565807949558591,Attack_Hot_LowVolt,81.13,1.1563,814914,45838780,12515,1481549,0
1771565808052145260,Attack_Hot_LowVolt,80.592,1.1563,445493,36087183,279,1069607,0
1771565808152799854,Attack_Hot_LowVolt,80.054,1.1563,381039,35000593,102,1426639,0
1771565808256222456,Attack_Hot_LowVolt,80.592,1.1563,428950,37444626,172,1606627,0
1771565808345763086,Attack_Hot_LowVolt,81.13,1.1563,225051,33635482,138,1461502,0
1771565808514022133,Attack_Hot_LowVolt,80.592,1.1563,341288,32991082,245,1288908,0
1771565808612092437,Attack_Hot_LowVolt,80.592,1.1563,796914,35118736,260,1077248,0
1771565808688655673,Attack_Hot_LowVolt,80.592,1.1563,665114,32596911,73,630155,0
1771565808789322091,Attack_Hot_LowVolt,80.054,1.1563,756686,39807468,90,844555,0
1771565808912778528,Attack_Hot_LowVolt,81.13,1.1563,543744,28322414,66,2864228,0
1771565808989471934,Attack_Hot_LowVolt,80.592,1.1563,498892,30440914,92,922889,0
1771565809096387740,Attack_Hot_LowVolt,80.592,1.1563,635728,34383975,187,881131,0
1771565809208255283,Attack_Hot_LowVolt,80.592,1.1563,929117,29785482,248,858168,0
1771565809300991378,Attack_Hot_LowVolt,80.592,1.1563,1300984,32417584,51,565041,0
1771565809412349230,Attack_Hot_LowVolt,80.592,1.1563,665805,28347436,47,712967,0
1771565809516010727,Attack_Hot_LowVolt,80.592,1.1563,684825,30044762,50,933240,0
1771565809604397496,Attack_Hot_LowVolt,80.054,1.1563,475399,30012849,48,2177017,0
1771565809713241013,Attack_Hot_LowVolt,80.054,1.1563,359105,29980707,62,3006280,0
1771565809813258157,Attack_Hot_LowVolt,80.592,1.1563,379901,33833906,60,2035054,0
1771565809913823694,Attack_Hot_LowVolt,80.592,1.1563,453708,42298520,65,1357781,0
1771565810016749853,Attack_Hot_LowVolt,80.054,1.1563,407273,37110622,139,2922728,0
1771565810119792392,Attack_Hot_LowVolt,80.592,1.1563,1114788,37419991,94,1515151,0
1771565810223807849,Attack_Hot_LowVolt,80.592,1.1563,600089,33934392,53,1098004,8
1771565810328846647,Attack_Hot_LowVolt,81.13,1.1563,241002,38026807,51,1246831,0
1771565810428795777,Attack_Hot_LowVolt,80.054,1.1563,333054,31950697,48,1159675,0
1771565810535779682,Attack_Hot_LowVolt,80.592,1.1563,1095562,36677604,50,948080,0
1771565810643767550,Attack_Hot_LowVolt,80.592,1.1563,380483,32910816,47,1058867,0
1771565810740672495,Attack_Hot_LowVolt,80.592,1.1563,354671,35259738,50,1365092,0
1771565810847783445,Attack_Hot_LowVolt,80.592,1.1563,401876,36121986,47,1584116,0
1771565810948368895,Attack_Hot_LowVolt,80.054,1.1563,257612,34019921,48,1475234,8
1771565811061247614,Attack_Hot_LowVolt,80.592,1.1563,435033,34644057,121,1407936,0
1771565811158401559,Attack_Hot_LowVolt,81.13,1.1563,440543,38766977,274,3745636,8
1771565811257974101,Attack_Hot_LowVolt,80.592,1.1563,385518,32133867,216,1195589,0
1771565811368990282,Attack_Hot_LowVolt,80.592,1.1563,597142,41484105,450,1250362,0
1771565811475914717,Attack_Hot_LowVolt,80.592,1.1563,1336104,32328278,110,784565,0
1771565811576982733,Attack_Hot_LowVolt,80.592,1.1563,706550,28462885,62,651064,0
1771565811675875357,Attack_Hot_LowVolt,80.054,1.1563,801841,32209233,47,911126,0
1771565811776963584,Attack_Hot_LowVolt,80.592,1.1563,767461,30945404,49,924021,0
1771565811888400749,Attack_Hot_LowVolt,80.592,1.1563,560686,26739088,48,770276,0
1771565811988942823,Attack_Hot_LowVolt,80.592,1.1563,640817,29113324,54,790646,0
1771565812085728771,Attack_Hot_LowVolt,80.592,1.1563,872192,29805999,118,806300,0
1771565812187540008,Attack_Hot_LowVolt,80.592,1.1563,649667,29966592,63,3036385,0
1771565812295783143,Attack_Hot_LowVolt,80.054,1.1563,336283,29982472,49,3091064,0
1771565812400912866,Attack_Hot_LowVolt,80.592,1.1563,50508,33724152,48,3314764,0
1771565812503811148,Attack_Hot_LowVolt,80.592,1.1563,117167,32908675,50,1542375,0
1771565812600559126,Attack_Hot_LowVolt,80.592,1.1563,515700,45884731,47,704276,0
1771565812707907320,Attack_Hot_LowVolt,81.13,1.1563,1814988,39511038,47,1160809,0
1771565812815828909,Attack_Hot_LowVolt,80.592,1.1563,1120567,35772646,50,851386,0
1771565812914307596,Attack_Hot_LowVolt,80.592,1.1563,734613,33762412,50,853479,0
1771565813020818670,Attack_Hot_LowVolt,80.592,1.1563,199158,31825778,118,1211138,0
1771565813123776036,Attack_Hot_LowVolt,80.592,1.1563,358359,32066044,48,1109026,0
1771565813227865660,Attack_Hot_LowVolt,80.592,1.1563,329255,33527831,49,1220267,0
1771565813326291803,Attack_Hot_LowVolt,80.592,1.1563,199137,31543290,47,1126269,0
1771565813428652854,Attack_Hot_LowVolt,80.592,1.1563,48179,32727562,48,2149936,0
1771565813535781716,Attack_Hot_LowVolt,80.592,1.1563,51102,31411404,47,2864860,0
1771565813639893426,Attack_Hot_LowVolt,80.592,1.1563,43824,36835465,48,1742991,0
1771565813737082507,Attack_Hot_LowVolt,80.054,1.1563,315948,40026570,48,1506837,0
1771565813840424498,Attack_Hot_LowVolt,80.592,1.1563,742730,30811541,48,1048511,0
1771565813949704428,Attack_Hot_LowVolt,81.13,1.1563,1374383,32142499,48,766258,0
1771565814052479437,Attack_Hot_LowVolt,80.592,1.1563,1074497,31162239,119,641030,0
1771565814147906256,Attack_Hot_LowVolt,80.592,1.1563,612200,27152137,47,670944,0
1771565814252191437,Attack_Hot_LowVolt,80.592,1.1563,717974,28903194,48,835819,0
1771565814356227164,Attack_Hot_LowVolt,81.13,1.1563,716700,29727277,48,865924,0
1771565814461225808,Attack_Hot_LowVolt,80.592,1.1563,602510,29560440,48,817697,0
1771565814559926891,Attack_Hot_LowVolt,80.592,1.1563,600760,27535896,49,753662,0
1771565814660275601,Attack_Hot_LowVolt,80.592,1.1563,508217,27547216,47,1042627,0
1771565814764144382,Attack_Hot_LowVolt,80.054,1.1563,420942,32272844,48,3316368,0
1771565814868074733,Attack_Hot_LowVolt,80.592,1.1563,235990,29546764,47,2910215,8
1771565814977419477,Attack_Hot_LowVolt,80.592,1.1563,433080,37741990,49,2024190,0
1771565815073333285,Attack_Hot_LowVolt,80.592,1.1563,690543,34079657,120,2322630,8
1771565815171753986,Attack_Hot_LowVolt,80.592,1.1563,843555,39992526,49,945605,0
1771565815279907156,Attack_Hot_LowVolt,80.592,1.1563,1193070,38257360,47,867071,0
1771565815375811019,Attack_Hot_LowVolt,80.592,1.1563,665418,31231038,51,891502,0
1771565815476576768,Attack_Hot_LowVolt,80.592,1.1563,901236,35129180,46,995624,0
1771565815587882157,Attack_Hot_LowVolt,80.592,1.1563,223065,31867031,72,1120864,0
1771565815680399452,Attack_Hot_LowVolt,80.592,1.1563,368806,32205998,61,1189761,0
1771565815788736705,Attack_Hot_LowVolt,80.592,1.1563,73048,30162650,50,3226047,0
1771565815903864335,Attack_Hot_LowVolt,80.592,1.1563,47006,34445161,48,1497745,0
1771565815996506227,Attack_Hot_LowVolt,80.592,1.1563,42325,33656191,48,1530080,0
1771565816104842660,Attack_Hot_LowVolt,80.592,1.1563,212051,42138928,116,1752699,8
1771565816206141918,Attack_Hot_LowVolt,80.592,1.1563,626183,36968525,48,1524714,0
1771565816311843689,Attack_Hot_LowVolt,80.592,1.1563,944430,38867392,47,1355637,0
1771565816415843763,Attack_Hot_LowVolt,80.592,1.1563,651627,29039011,48,918966,0
1771565816520955260,Attack_Hot_LowVolt,80.592,1.1563,735129,29023384,50,643849,0
1771565816620194866,Attack_Hot_LowVolt,80.592,1.1563,692170,27138122,48,683135,0
1771565816725013936,Attack_Hot_LowVolt,80.592,1.1563,664676,29251447,48,847814,0
1771565816827855029,Attack_Hot_LowVolt,80.592,1.1563,729614,29461781,48,813821,8
1771565816927844404,Attack_Hot_LowVolt,80.054,1.1563,720851,27698979,47,688748,0
1771565817031922772,Attack_Hot_LowVolt,80.592,1.1563,678051,28914194,118,856067,0
1771565817132505141,Attack_Hot_LowVolt,80.592,1.1563,561783,33254160,61,3303470,0
1771565817240622712,Attack_Hot_LowVolt,80.054,1.1563,410840,36953284,47,1734404,0
1771565817340112149,Attack_Hot_LowVolt,80.592,1.1563,394063,32950693,49,2677595,0
1771565817444745900,Attack_Hot_LowVolt,80.592,1.1563,976432,36590831,48,3072811,0
1771565817555824367,Attack_Hot_LowVolt,80.054,1.1563,295860,38240868,48,1367133,0
1771565817656860641,Attack_Hot_LowVolt,80.054,1.1563,279682,40681203,51,1287691,0
1771565817759800509,Attack_Hot_LowVolt,80.592,1.1563,1197622,36604345,49,873575,0
1771565817864110891,Attack_Hot_LowVolt,80.054,1.1563,1244828,35311841,48,889252,0
1771565817968484405,Attack_Hot_LowVolt,80.054,1.1563,289595,33632054,47,1180560,0
1771565818075808929,Attack_Hot_LowVolt,80.592,1.1563,231642,33824144,118,1365419,0
1771565818179812572,Attack_Hot_LowVolt,80.592,1.1563,388970,34306641,47,1319762,0
1771565818284481133,Attack_Hot_LowVolt,80.592,1.1563,268677,34046237,50,1360609,0
1771565818380471033,Attack_Hot_LowVolt,80.592,1.1563,255309,32437013,48,1252990,0
1771565818484766583,Attack_Hot_LowVolt,81.13,1.1563,405467,36265631,48,2151156,0
1771565818595943305,Attack_Hot_LowVolt,80.592,1.1563,209448,30697180,47,2824328,0
1771565818691906952,Attack_Hot_LowVolt,80.592,1.1563,225141,35917424,51,1553090,0
1771565818793509916,Attack_Hot_LowVolt,81.13,1.1563,831395,37255586,47,906995,0
1771565818901387057,Attack_Hot_LowVolt,80.592,1.1563,1608161,35711986,48,788308,0
1771565819003911892,Attack_Hot_LowVolt,80.592,1.1563,713587,29350213,119,759308,0
1771565819115825324,Attack_Hot_LowVolt,80.592,1.1563,597393,28433298,50,814027,0
1771565819208153376,Attack_Hot_LowVolt,80.592,1.1563,750300,30051126,49,876113,0
1771565819312341740,Attack_Hot_LowVolt,80.592,1.1563,675623,29469104,47,840418,0
1771565819408622622,Attack_Hot_LowVolt,81.13,1.1563,617862,29421851,49,820796,0
1771565819515804545,Attack_Hot_LowVolt,80.592,1.1563,748767,31252767,48,1051421,0
1771565819616100555,Attack_Hot_LowVolt,80.592,1.1563,405721,30365365,50,3463521,0
1771565819717589613,Attack_Hot_LowVolt,80.592,1.1563,152078,33770154,47,3171156,0
1771565819828730303,Attack_Hot_LowVolt,80.592,1.1563,355424,31623580,50,2970436,0
1771565819927913535,Attack_Hot_LowVolt,81.13,1.1563,312980,42103746,49,1059099,0
1771565820025827463,Attack_Hot_LowVolt,81.13,1.1563,1213439,36727544,117,1227199,0
1771565820127484625,Attack_Hot_LowVolt,80.592,1.1563,1294646,41132068,49,687076,0
1771565820236092760,Attack_Hot_LowVolt,80.592,1.1563,739226,34136383,49,1159419,0
1771565820339905680,Attack_Hot_LowVolt,81.13,1.1563,671379,35739399,47,1121528,0
1771565820439855727,Attack_Hot_LowVolt,80.592,1.1563,399049,35012850,49,1244985,0
1771565820606179631,Attack_Hot_LowVolt,80.592,1.1563,248027,32162248,47,1189019,0
1771565820643738968,Attack_Hot_LowVolt,81.13,1.1563,123174,33687375,48,1658265,0
1771565820747780663,Attack_Hot_LowVolt,80.592,1.1563,136795,35220123,389,3268468,0
1771565820851808189,Attack_Hot_LowVolt,81.13,1.1563,47229,34497982,48,1601878,0
1771565820950859492,Attack_Hot_LowVolt,80.054,1.1563,103126,40269817,48,1682495,0
1771565821059912526,Attack_Hot_LowVolt,80.592,1.1563,1143133,38125675,119,1430173,0
1771565821164139983,Attack_Hot_LowVolt,81.13,1.1563,595393,32307625,108,1033229,0
1771565821275820657,Attack_Hot_LowVolt,80.592,1.1563,644701,30448543,47,893429,0
1771565821371841482,Attack_Hot_LowVolt,80.592,1.1563,934100,30977516,49,832595,0
1771565821472928386,Attack_Hot_LowVolt,80.592,1.1563,695434,28324084,48,769294,0
1771565821575858513,Attack_Hot_LowVolt,80.592,1.1563,651888,29491145,49,843270,0
1771565821691893311,Attack_Hot_LowVolt,80.054,1.1563,619169,28303621,47,767281,0
1771565821787948515,Attack_Hot_LowVolt,80.592,1.1563,761857,32099666,49,953394,0
1771565821891884639,Attack_Hot_LowVolt,80.592,1.1563,539162,33688524,49,3346065,0
1771565821988862184,Attack_Hot_LowVolt,80.592,1.1563,530195,35808551,47,1375798,0
1771565822097083373,Attack_Hot_LowVolt,80.592,1.1563,749670,37625548,117,1155114,0
1771565822203905713,Attack_Hot_LowVolt,81.13,1.1563,509922,29577752,51,2882253,0
1771565822308789505,Attack_Hot_LowVolt,80.592,1.1563,1318818,33525491,47,747315,0
1771565822405845769,Attack_Hot_LowVolt,80.592,1.1563,385449,36715123,47,3000611,0
1771565822512763379,Attack_Hot_LowVolt,80.054,1.1563,1050274,40055916,47,1214462,0
1771565822616863752,Attack_Hot_LowVolt,79.516,1.1563,278340,34065423,49,1259957,0
1771565822715871428,Attack_Hot_LowVolt,80.592,1.1563,321245,36063354,47,1117082,0
1771565822816560384,Attack_Hot_LowVolt,81.13,1.1563,1201393,35838064,49,962575,0
1771565822923762973,Attack_Hot_LowVolt,80.592,1.1563,272222,32667374,47,1932180,0
1771565823022310706,Attack_Hot_LowVolt,80.592,1.1563,66719,33423207,118,2693151,0
1771565823128858392,Attack_Hot_LowVolt,80.592,1.1563,74015,32519036,50,1466887,0
1771565823228749616,Attack_Hot_LowVolt,80.592,1.1563,137945,37853387,49,1421033,0
1771565823336848619,Attack_Hot_LowVolt,81.13,1.1563,1233699,40358948,47,1453255,0
1771565823440898061,Attack_Hot_LowVolt,80.592,1.1563,340045,34078985,49,1269775,0
1771565823547934916,Attack_Hot_LowVolt,80.592,1.1563,491394,28826313,58,773276,0
1771565823643884872,Attack_Hot_LowVolt,80.592,1.1563,508765,33268950,48,1266213,0
1771565823744959976,Attack_Hot_LowVolt,80.592,1.1563,466906,29454782,47,1052116,0
1771565823851870567,Attack_Hot_LowVolt,80.592,1.1563,543065,27330048,48,854013,0
1771565823955846095,Attack_Hot_LowVolt,81.13,1.1563,513405,30686851,47,1051351,0
1771565824060939044,Attack_Hot_LowVolt,81.13,1.1563,694476,27878586,116,759038,0
1771565824163805764,Attack_Hot_LowVolt,80.592,1.1563,476664,30686005,48,2280815,0
1771565824267897619,Attack_Hot_LowVolt,81.13,1.1563,584266,33395476,51,1812342,0
1771565824360557639,Attack_Hot_LowVolt,80.592,1.1563,647154,33638335,48,1282689,0
1771565824471981502,Attack_Hot_LowVolt,80.592,1.1563,544810,37048211,48,1785141,8
1771565824572928062,Attack_Hot_LowVolt,80.592,1.1563,567288,29352868,49,2169376,0
1771565824676871307,Attack_Hot_LowVolt,80.592,1.1563,1281867,34475208,49,769656,0
1771565824783935938,Attack_Hot_LowVolt,80.592,1.1563,531549,36678823,48,885941,0
1771565824884990322,Attack_Hot_LowVolt,81.13,1.1563,541858,29333013,49,2398866,0
1771565824987778023,Attack_Hot_LowVolt,80.592,1.1563,887798,35852291,48,1557507,0
1771565825084514649,Attack_Hot_LowVolt,80.054,1.1563,257910,38091421,119,1338103,0
1771565825188826019,Attack_Hot_LowVolt,80.592,1.1563,422645,33800190,48,1229650,0
1771565825299930276,Attack_Hot_LowVolt,80.592,1.1563,936806,34237215,50,962938,0
1771565825395871191,Attack_Hot_LowVolt,81.13,1.1563,364632,31733484,47,1134232,0
1771565825493099695,Attack_Hot_LowVolt,80.592,1.1563,232767,33529396,50,1452500,0
1771565825603857143,Attack_Hot_LowVolt,80.592,1.1563,355962,32121932,47,1187863,0
1771565825708749567,Attack_Hot_LowVolt,80.592,1.1563,416719,32098933,49,3139495,0
1771565825812393104,Attack_Hot_LowVolt,81.13,1.1563,394473,36540475,47,1370052,0
1771565825920234135,Attack_Hot_LowVolt,80.592,1.1563,278334,37480670,49,1272527,0
1771565826028498133,Attack_Hot_LowVolt,80.592,1.1563,392573,33870711,116,1505999,0
1771565826125366244,Attack_Hot_LowVolt,80.592,1.1563,1420488,33282581,50,765439,0
1771565826231937668,Attack_Hot_LowVolt,80.592,1.1563,643116,32881218,47,979932,0
1771565826328455689,Attack_Hot_LowVolt,80.592,1.1563,384543,31021430,49,1245846,0
1771565826436587338,Attack_Hot_LowVolt,80.592,1.1563,330955,27013102,47,2782967,0
1771565826530804114,Attack_Hot_LowVolt,80.592,1.1563,495271,31835711,48,913179,0
1771565826632614804,Attack_Hot_LowVolt,80.592,1.1563,629642,31694245,48,1091736,0
1771565826734375279,Attack_Hot_LowVolt,80.592,1.1563,539641,33670517,48,1012384,0
1771565826840349085,Attack_Hot_LowVolt,80.592,1.1563,508656,31090432,78,1039927,0
1771565826948264148,Attack_Hot_LowVolt,80.592,1.1563,1353585,35180373,106,919097,0
1771565827052222528,Attack_Hot_LowVolt,80.592,1.1563,462128,30402195,117,1639836,0
1771565827159799909,Attack_Hot_LowVolt,80.592,1.1563,456919,27354379,48,2164805,0
1771565827248097916,Attack_Hot_LowVolt,80.592,1.1563,458846,29125732,48,930624,0
1771565827348665406,Attack_Hot_LowVolt,80.592,1.1563,468613,36293598,47,2970517,0
1771565827460111340,Attack_Hot_LowVolt,81.13,1.1563,338622,33218169,47,1314150,0
1771565827560663152,Attack_Hot_LowVolt,80.592,1.1563,1188043,35045214,47,926287,0
1771565827657371829,Attack_Hot_LowVolt,81.668,1.1563,382823,37638927,49,1111925,0
1771565827764069061,Attack_Hot_LowVolt,81.13,1.1563,1055606,34798369,47,1191045,8
1771565827864252498,Attack_Hot_LowVolt,80.592,1.1563,422049,32598619,48,1124808,0
1771565827972997040,Attack_Hot_LowVolt,80.592,1.1563,290561,32926624,47,1418735,8
1771565828072312888,Attack_Hot_LowVolt,81.13,1.1563,287038,31881930,116,3076180,0
1771565828164490502,Attack_Hot_LowVolt,80.592,1.1563,367089,31713964,50,994535,0
1771565828271817294,Attack_Hot_LowVolt,80.592,1.1563,358250,32310848,48,1232272,0
1771565828379910005,Attack_Hot_LowVolt,80.592,1.1563,412443,35406505,48,933274,0
1771565828472493444,Attack_Hot_LowVolt,81.13,1.1563,1151681,37554655,47,1233912,0
1771565828584754377,Attack_Hot_LowVolt,81.13,1.1563,464351,36359355,47,1559801,0
1771565828687850544,Attack_Hot_LowVolt,81.13,1.1563,287550,30918071,51,1230766,0
1771565828786244315,Attack_Hot_LowVolt,81.13,1.1563,415921,33039942,47,1684626,0
1771565828888130505,Attack_Hot_LowVolt,80.592,1.1563,476612,24172457,50,2225786,0
1771565828992799294,Attack_Hot_LowVolt,80.592,1.1563,549108,30139629,49,807661,0
1771565829097131650,Attack_Hot_LowVolt,80.592,1.1563,593547,37301374,121,1089858,0
1771565829200961816,Attack_Hot_LowVolt,81.13,1.1563,365333,28810811,49,1015067,0
1771565829304896994,Attack_Hot_LowVolt,81.13,1.1563,1385545,33349788,48,749111,0
1771565829411810367,Attack_Hot_LowVolt,80.592,1.1563,628120,28668392,47,765640,0
1771565829508888794,Attack_Hot_LowVolt,80.592,1.1563,636804,34684416,47,1251257,0
1771565829608712474,Attack_Hot_LowVolt,81.13,1.1563,526584,30244749,48,1022806,0
1771565829720838821,Attack_Hot_LowVolt,81.13,1.1563,353465,27461924,48,2926030,0
1771565829815908588,Attack_Hot_LowVolt,80.592,1.1563,328176,33481985,48,3233103,0
1771565829915876138,Attack_Hot_LowVolt,80.592,1.1563,406007,35951409,48,1296214,0
1771565830023878852,Attack_Hot_LowVolt,81.668,1.1563,371298,37611489,115,1350721,0
1771565830127923116,Attack_Hot_LowVolt,80.592,1.1563,1092851,41373508,49,1129060,0
1771565830232902692,Attack_Hot_LowVolt,80.592,1.1563,918533,35819811,47,1224608,8
1771565830335835999,Attack_Hot_LowVolt,81.13,1.1563,828019,33750459,50,860087,0
1771565830443816533,Attack_Hot_LowVolt,81.668,1.1563,477524,30174664,48,894675,0
1771565830540505709,Attack_Hot_LowVolt,80.592,1.1563,520104,33237712,49,1137380,0
1771565830648789558,Attack_Hot_LowVolt,80.592,1.1563,296881,31723091,47,2461247,0
1771565830755895151,Attack_Hot_LowVolt,80.592,1.1563,386384,31903121,49,1785303,0
1771565830854135958,Attack_Hot_LowVolt,80.592,1.1563,344257,34711141,47,1313697,0
1771565830952427655,Attack_Hot_LowVolt,80.592,1.1563,455452,41496042,47,1483209,0
1771565831069410290,Attack_Hot_LowVolt,80.592,1.1563,1135419,36639298,116,1960022,8
1771565831169261495,Attack_Hot_LowVolt,80.592,1.1563,281097,33533905,53,2473102,0
1771565831268382097,Attack_Hot_LowVolt,80.592,1.1563,243769,33469725,47,1444893,0
1771565831376431192,Attack_Hot_LowVolt,80.592,1.1563,453242,34615566,48,1252127,0
1771565831476470229,Attack_Hot_LowVolt,81.13,1.1563,546416,32556976,48,823921,0
1771565831577855927,Attack_Hot_LowVolt,81.13,1.1563,626521,30724837,49,994022,0
1771565831676547784,Attack_Hot_LowVolt,80.054,1.1563,1128178,34965078,49,969477,0
1771565831785673301,Attack_Hot_LowVolt,81.13,1.1563,526703,33778476,47,1252438,0
1771565831896970205,Attack_Hot_LowVolt,80.592,1.1563,390648,31353616,49,1169558,0
1771565831991860910,Attack_Hot_LowVolt,80.592,1.1563,639435,28961573,48,796956,0
1771565832092135556,Attack_Hot_LowVolt,80.592,1.1563,546419,29088343,117,999931,0
1771565832199913851,Attack_Hot_LowVolt,80.592,1.1563,336623,26197196,50,2726808,0
1771565832292484464,Attack_Hot_LowVolt,80.592,1.1563,526730,35140399,49,1366161,0
1771565832403961347,Attack_Hot_LowVolt,80.592,1.1563,495174,39910684,47,1456516,0
1771565832507812278,Attack_Hot_LowVolt,80.592,1.1563,939716,30860791,49,2793173,0
1771565832611918237,Attack_Hot_LowVolt,80.592,1.1563,757934,34911565,47,957088,0
1771565832719930724,Attack_Hot_LowVolt,80.592,1.1563,356005,35528801,48,966397,0
1771565832827872735,Attack_Hot_LowVolt,80.592,1.1563,1042109,35564097,47,1138333,0
1771565832923837111,Attack_Hot_LowVolt,81.13,1.1563,910618,35184888,48,1041754,0
1771565833028762539,Attack_Hot_LowVolt,80.592,1.1563,471249,30344196,118,1001168,0
1771565833136849056,Attack_Hot_LowVolt,80.592,1.1563,363383,31752459,49,2410878,0
1771565833240729584,Attack_Hot_LowVolt,80.592,1.1563,353316,33846788,51,1935099,0
1771565833347761974,Attack_Hot_LowVolt,80.592,1.1563,364211,36454693,48,1535075,0
1771565833440561893,Attack_Hot_LowVolt,81.13,1.1563,228657,39086799,49,1344879,0
1771565833543602483,Attack_Hot_LowVolt,80.592,1.1563,1064637,33136562,47,2955752,0
1771565833655888791,Attack_Hot_LowVolt,80.592,1.1563,531773,32569226,47,1150241,0
1771565833756899416,Attack_Hot_LowVolt,81.13,1.1563,370677,32640292,47,1197431,0
1771565833859875781,Attack_Hot_LowVolt,80.592,1.1563,290844,35820799,48,1151606,0
1771565833959896817,Attack_Hot_LowVolt,80.592,1.1563,1165105,33089880,49,780328,0
1771565834060899686,Attack_Hot_LowVolt,80.054,1.1563,585372,30126587,115,860419,0
1771565834172905610,Attack_Hot_LowVolt,80.592,1.1563,487120,29962495,49,944899,0
1771565834275864587,Attack_Hot_LowVolt,81.13,1.1563,468124,32097247,48,1018750,0
1771565834368432615,Attack_Hot_LowVolt,80.592,1.1563,526830,33750004,46,1319918,0
1771565834474225398,Attack_Hot_LowVolt,80.592,1.1563,405715,35143943,50,1683954,0
1771565834580325975,Attack_Hot_LowVolt,80.592,1.1563,324959,30213880,47,2955388,0
1771565834688966940,Attack_Hot_LowVolt,80.592,1.1563,677173,36587951,49,1311766,0
1771565834791942326,Attack_Hot_LowVolt,80.592,1.1563,407278,30587386,47,2274409,0
1771565834899872222,Attack_Hot_LowVolt,81.668,1.1563,641829,32041661,49,1797615,0
1771565835000825365,Attack_Hot_LowVolt,80.592,1.1563,764384,37932136,294,1049794,0
1771565835111890050,Attack_Hot_LowVolt,80.592,1.1563,1361692,32655534,116,683521,0
1771565835215935588,Attack_Hot_LowVolt,80.592,1.1563,551369,38725080,48,1087385,0
1771565835312828222,Attack_Hot_LowVolt,80.592,1.1563,789169,32126203,48,1069770,0
1771565835419721486,Attack_Hot_LowVolt,80.592,1.1563,794994,29823920,49,798179,0
1771565835519816224,Attack_Hot_LowVolt,80.054,1.1563,200263,30067379,47,3073051,0
1771565835623788231,Attack_Hot_LowVolt,80.592,1.1563,297157,34522646,49,1171160,0
1771565835727813199,Attack_Hot_LowVolt,80.592,1.1563,377818,33751573,47,1442293,0
1771565835828672153,Attack_Hot_LowVolt,80.592,1.1563,322236,38409213,48,1414291,0
1771565835935807675,Attack_Hot_LowVolt,80.592,1.1563,1103207,37644578,47,3095399,0
1771565836039773290,Attack_Hot_LowVolt,80.592,1.1563,392575,33955423,118,1110471,0
1771565836147888244,Attack_Hot_LowVolt,80.592,1.1563,393266,39134200,47,1192678,8
1771565836240915596,Attack_Hot_LowVolt,80.592,1.1563,193902,31952199,50,1421906,0
1771565836352942613,Attack_Hot_LowVolt,80.592,1.1563,729347,32737904,48,1198770,0
1771565836450371128,Attack_Hot_LowVolt,80.592,1.1563,1007396,32138030,50,770977,0
1771565836551872308,Attack_Hot_LowVolt,80.592,1.1563,672653,32565610,47,998884,0
1771565836664789359,Attack_Hot_LowVolt,80.592,1.1563,558706,31048657,49,993983,0
1771565836767795175,Attack_Hot_LowVolt,80.592,1.1563,269452,30303281,112,3195376,0
1771565836864799530,Attack_Hot_LowVolt,80.592,1.1563,210446,36875662,49,1551561,0
1771565836971783859,Attack_Hot_LowVolt,80.592,1.1563,317934,33331797,47,1344726,0
1771565837068932580,Attack_Hot_LowVolt,80.592,1.1563,557153,35995448,118,1039058,0
1771565837175899914,Attack_Hot_LowVolt,81.13,1.1563,1305641,32602658,46,872745,0
1771565837270865083,Attack_Hot_LowVolt,81.13,1.1563,480114,30233771,48,1012482,0
1771565837379932600,Attack_Hot_LowVolt,80.592,1.1563,364836,30349085,47,3029731,0
1771565837483905863,Attack_Hot_LowVolt,80.592,1.1563,380974,33357340,51,1204393,0
1771565837583890920,Attack_Hot_LowVolt,80.592,1.1563,710690,37491301,48,993524,0
1771565837691879678,Attack_Hot_LowVolt,80.592,1.1563,1061639,32944762,47,980598,0
1771565837792972448,Attack_Hot_LowVolt,80.592,1.1563,704098,32124497,49,900917,0
1771565837903904867,Attack_Hot_LowVolt,80.592,1.1563,581807,29382125,47,804315,0
1771565838003820871,Attack_Hot_LowVolt,81.13,1.1563,486490,33821853,118,3285832,0
1771565838108966816,Attack_Hot_LowVolt,80.592,1.1563,307462,36506414,47,1463083,0
1771565838212093658,Attack_Hot_LowVolt,80.592,1.1563,470734,31862811,51,1214561,0
1771565838313375124,Attack_Hot_LowVolt,81.13,1.1563,509329,37966724,47,1210150,0
1771565838416839733,Attack_Hot_LowVolt,81.668,1.1563,1074651,37091978,47,2995890,0
1771565838531891271,Attack_Hot_LowVolt,80.592,1.1563,421547,32501602,48,1145577,0
1771565838624843181,Attack_Hot_LowVolt,80.592,1.1563,387429,37316338,47,1486426,8
1771565838732850095,Attack_Hot_LowVolt,80.592,1.1563,520202,37917935,50,1312288,0
1771565838829440733,Attack_Hot_LowVolt,80.592,1.1563,1302704,34003961,47,770290,0
1771565838941544439,Attack_Hot_LowVolt,80.592,1.1563,507539,31904718,50,998502,0
1771565839040317394,Attack_Hot_LowVolt,81.13,1.1563,345228,31010119,115,1033002,0
1771565839145015093,Attack_Hot_LowVolt,80.592,1.1563,454432,35157736,50,1557581,0
1771565839249418247,Attack_Hot_LowVolt,80.054,1.1563,285329,28101169,47,2926702,0
1771565839353080667,Attack_Hot_LowVolt,81.13,1.1563,256670,34002683,48,1231978,0
1771565839456360846,Attack_Hot_LowVolt,81.13,1.1563,441456,37931373,47,1198920,0
1771565839552703510,Attack_Hot_LowVolt,80.592,1.1563,749094,31865007,48,1190668,0
1771565839655812409,Attack_Hot_LowVolt,81.13,1.1563,1118780,36574222,47,1035032,0
1771565839756111214,Attack_Hot_LowVolt,80.592,1.1563,275118,28719154,48,2408390,0
1771565839859812743,Attack_Hot_LowVolt,81.13,1.1563,455193,29261566,47,1544455,0
1771565839969561229,Attack_Hot_LowVolt,80.592,1.1563,673658,36082051,48,1187053,8
1771565840068280922,Attack_Hot_LowVolt,80.592,1.1563,698407,34919234,115,1054637,0
1771565840164598599,Attack_Hot_LowVolt,80.592,1.1563,1491511,35252807,52,732944,0
1771565840266072476,Attack_Hot_LowVolt,80.592,1.1563,315485,29808142,50,977647,0
1771565840376968554,Attack_Hot_LowVolt,80.592,1.1563,373441,29192530,47,972081,0
1771565840475742576,Attack_Hot_LowVolt,81.13,1.1563,237677,30397786,47,3239294,0
1771565840580335887,Attack_Hot_LowVolt,80.592,1.1563,211528,34082608,48,1357944,0
1771565840680308398,Attack_Hot_LowVolt,81.668,1.1563,373906,36475555,47,1479195,0
1771565840791847048,Attack_Hot_LowVolt,81.13,1.1563,571365,31490904,49,881068,0
1771565840888230134,Attack_Hot_LowVolt,81.668,1.1563,791074,31661817,48,3085164,0
1771565840988249722,Attack_Hot_LowVolt,81.13,1.1563,764510,37508442,48,1193779,0
1771565841099829723,Attack_Hot_LowVolt,80.592,1.1563,285951,36006868,117,1200451,0
1771565841188610834,Attack_Hot_LowVolt,81.13,1.1563,694279,28232262,48,922278,0
1771565841291817109,Attack_Hot_LowVolt,80.592,1.1563,1351452,36364965,47,865172,8
1771565841396329361,Attack_Hot_LowVolt,81.13,1.1563,570700,30539699,48,874560,0
1771565841494672984,Attack_Hot_LowVolt,81.668,1.1563,623261,30118551,47,909303,0
1771565841608796856,Attack_Hot_LowVolt,80.592,1.1563,351476,30609286,48,1163461,0
1771565841704457753,Attack_Hot_LowVolt,80.592,1.1563,231426,33494209,48,3140700,0
1771565841808723006,Attack_Hot_LowVolt,81.668,1.1563,217133,37068349,48,1662411,0
1771565841908126804,Attack_Hot_LowVolt,81.13,1.1563,271902,39466358,47,1504936,0
1771565842020934515,Attack_Hot_LowVolt,81.13,1.1563,1071869,39018031,115,1553091,0
1771565842123817883,Attack_Hot_LowVolt,80.592,1.1563,664367,33691432,49,1718588,0
1771565842220867412,Attack_Hot_LowVolt,80.592,1.1563,535080,27342276,48,2083646,0
1771565842332949917,Attack_Hot_LowVolt,80.592,1.1563,406291,30155528,47,916592,0
1771565842427905026,Attack_Hot_LowVolt,80.592,1.1563,375228,30090798,47,1170359,0
1771565842532958429,Attack_Hot_LowVolt,80.054,1.1563,554643,36549677,49,910017,0
1771565842640627487,Attack_Hot_LowVolt,80.592,1.1563,1233625,33665508,48,963153,0
1771565842743202456,Attack_Hot_LowVolt,80.592,1.1563,750015,33654348,48,983499,0
1771565842840810300,Attack_Hot_LowVolt,81.13,1.1563,504742,31460795,48,1079799,0
1771565842944477421,Attack_Hot_LowVolt,80.592,1.1563,288768,27543212,50,3016105,0
1771565843048832969,Attack_Hot_LowVolt,80.592,1.1563,446000,32535044,116,1087317,0
1771565843148817970,Attack_Hot_LowVolt,81.13,1.1563,565441,38753802,48,1137879,0
1771565843259884074,Attack_Hot_LowVolt,81.13,1.1563,225436,26144693,47,2757746,0
1771565843352531979,Attack_Hot_LowVolt,80.592,1.1563,557225,33341980,49,1341975,0
1771565843464857769,Attack_Hot_LowVolt,80.592,1.1563,943397,44389167,47,1352961,0
1771565843563905961,Attack_Hot_LowVolt,81.668,1.1563,388715,30824492,47,1124389,0
1771565843667813019,Attack_Hot_LowVolt,81.13,1.1563,1147093,34339048,47,960496,0
1771565843771827148,Attack_Hot_LowVolt,80.592,1.1563,669758,32000565,47,892313,0
1771565843883991811,Attack_Hot_LowVolt,80.592,1.1563,485564,30176117,49,924908,0
1771565843977363948,Attack_Hot_LowVolt,81.668,1.1563,337944,31850231,50,1167489,0
1771565844080909620,Attack_Hot_LowVolt,81.13,1.1563,216710,31167480,115,3211095,0
1771565844188879890,Attack_Hot_LowVolt,80.592,1.1563,268482,33465996,48,1316733,0
1771565844287945902,Attack_Hot_LowVolt,80.592,1.1563,427688,39538820,50,1472524,0
1771565844388558962,Attack_Hot_LowVolt,80.054,1.1563,459207,32949631,48,1188773,0
1771565844496692128,Attack_Hot_LowVolt,81.13,1.1563,1401388,35125893,48,841149,0
1771565844598239915,Attack_Hot_LowVolt,81.13,1.1563,305594,32356338,48,1332634,0
1771565844707802852,Attack_Hot_LowVolt,80.592,1.1563,421966,30411490,50,2966418,0
1771565844800925958,Attack_Hot_LowVolt,80.592,1.1563,631540,32428651,48,1008482,0
1771565844911815916,Attack_Hot_LowVolt,80.592,1.1563,531434,34524164,49,1005796,0
1771565845013055425,Attack_Hot_LowVolt,80.592,1.1563,510651,29968806,115,910065,0
1771565845116900287,Attack_Hot_LowVolt,80.592,1.1563,1295970,34217748,50,747274,0
1771565845219798130,Attack_Hot_LowVolt,80.592,1.1563,584010,32952425,48,1126281,0
1771565845316930431,Attack_Hot_LowVolt,81.13,1.1563,468156,30713939,47,1118294,0
1771565845423903920,Attack_Hot_LowVolt,80.592,1.1563,239540,32963070,48,1812118,0
1771565845520476966,Attack_Hot_LowVolt,80.592,1.1563,530573,27772973,50,2426913,0
1771565845628768679,Attack_Hot_LowVolt,81.13,1.1563,325402,30592763,48,3019561,0
1771565845731839053,Attack_Hot_LowVolt,80.592,1.1563,181380,31698230,50,1269823,0
1771565845836937251,Attack_Hot_LowVolt,80.592,1.1563,356788,36359641,48,1180683,0
1771565845943999635,Attack_Hot_LowVolt,80.592,1.1563,371613,34455603,47,1086083,0
1771565846040500408,Attack_Hot_LowVolt,80.592,1.1563,2118713,43415763,115,977819,0
1771565846147930685,Attack_Hot_LowVolt,80.592,1.1563,417820,31961197,47,1074307,8
1771565846251884405,Attack_Hot_LowVolt,81.13,1.1563,388093,29017926,49,988977,8
1771565846356852845,Attack_Hot_LowVolt,80.592,1.1563,612206,30681217,47,967846,0
1771565846455853934,Attack_Hot_LowVolt,80.592,1.1563,331575,31972667,48,3080089,8
1771565846559877228,Attack_Hot_LowVolt,80.592,1.1563,378617,32971036,48,1063069,0
1771565846667782188,Attack_Hot_LowVolt,81.13,1.1563,253145,32212870,47,1278404,0
1771565846771878181,Attack_Hot_LowVolt,80.592,1.1563,258656,37132288,47,1370135,0
1771565846875842576,Attack_Hot_LowVolt,80.592,1.1563,1128997,41064492,47,1518095,0
1771565846979830093,Attack_Hot_LowVolt,80.592,1.1563,300772,34896361,48,1547555,0
1771565847080993704,Attack_Hot_LowVolt,80.592,1.1563,822191,32387728,114,1041837,8
1771565847179842735,Attack_Hot_LowVolt,80.592,1.1563,711962,34053417,48,1228307,0
1771565847288637557,Attack_Hot_LowVolt,81.13,1.1563,450803,25097777,47,2597298,0
1771565847387874615,Attack_Hot_LowVolt,80.592,1.1563,362136,31335062,47,1028856,0
1771565847492859006,Attack_Hot_LowVolt,80.592,1.1563,527316,30047645,48,1193451,8
1771565847596984751,Attack_Hot_LowVolt,80.592,1.1563,582213,34523739,47,839323,0
1771565847699920116,Attack_Hot_LowVolt,81.13,1.1563,1161049,35286238,47,1039687,8
1771565847801045698,Attack_Hot_LowVolt,80.592,1.1563,721470,29206324,48,781352,0
1771565847900838939,Attack_Hot_LowVolt,80.592,1.1563,857183,29115152,48,799256,0
1771565848003888562,Attack_Hot_LowVolt,80.592,1.1563,350692,27865295,115,4768787,0
1771565848117486903,Attack_Hot_LowVolt,80.592,1.1563,346061,32182209,50,1244441,0
1771565848220465973,Attack_Hot_LowVolt,81.13,1.1563,291136,37724281,48,1127840,0
1771565848317374768,Attack_Hot_LowVolt,80.592,1.1563,654842,41338146,50,1398154,0
1771565848413615256,Attack_Hot_LowVolt,80.592,1.1563,1047934,33733410,47,947653,0
1771565848516498556,Attack_Hot_LowVolt,80.592,1.1563,967809,32391471,48,826328,0
1771565848620378926,Attack_Hot_LowVolt,80.592,1.1563,192572,29386586,47,1153049,0
1771565848727798619,Attack_Hot_LowVolt,80.592,1.1563,118369,33763603,49,1993260,0
1771565848823861837,Attack_Hot_LowVolt,81.13,1.1563,78128,30578506,48,2687792,0
1771565848931829070,Attack_Hot_LowVolt,80.592,1.1563,201368,31513436,50,1310362,0
1771565849032826337,Attack_Hot_LowVolt,81.13,1.1563,423256,38825230,116,1191012,0
1771565849138303461,Attack_Hot_LowVolt,81.13,1.1563,1013815,33733243,49,1090587,0
1771565849239885620,Attack_Hot_LowVolt,80.592,1.1563,441330,33047259,51,1171541,0
1771565849340855506,Attack_Hot_LowVolt,81.668,1.1563,221828,33746991,48,1477623,0
1771565849448921860,Attack_Hot_LowVolt,81.13,1.1563,480423,31177278,49,1148830,0
1771565849553013259,Attack_Hot_LowVolt,81.13,1.1563,488268,29364983,47,935793,0
1771565849657013054,Attack_Hot_LowVolt,81.13,1.1563,600853,26458613,50,692114,0
1771565849761046491,Attack_Hot_LowVolt,80.592,1.1563,683281,26681057,47,648390,0
1771565849856530036,Attack_Hot_LowVolt,80.592,1.1563,706447,30693751,49,889219,0
1771565849960954729,Attack_Hot_LowVolt,81.668,1.1563,542266,29689099,47,3057527,0
1771565850068124468,Attack_Hot_LowVolt,80.592,1.1563,459483,30250493,117,966795,0
1771565850172549069,Attack_Hot_LowVolt,81.13,1.1563,520470,36585796,47,1107148,0
1771565850270383696,Attack_Hot_LowVolt,80.592,1.1563,974797,33415481,48,3041630,0
1771565850375910306,Attack_Hot_LowVolt,80.054,1.1563,896398,36551277,49,1067262,0
1771565850480830683,Attack_Hot_LowVolt,80.592,1.1563,549901,28005848,48,880004,8
1771565850583887784,Attack_Hot_LowVolt,80.592,1.1563,487589,31079655,49,731020,0
1771565850680755386,Attack_Hot_LowVolt,80.592,1.1563,1183124,38139897,49,2330502,0
1771565850783813424,Attack_Hot_LowVolt,81.13,1.1563,360462,30669863,51,1844155,0
1771565850887940247,Attack_Hot_LowVolt,81.13,1.1563,314892,29483190,47,943739,0
1771565850995901578,Attack_Hot_LowVolt,81.13,1.1563,373198,32868608,49,1225446,0
1771565851091877548,Attack_Hot_LowVolt,80.592,1.1563,353112,37363014,116,1265007,8
1771565851196612123,Attack_Hot_LowVolt,81.13,1.1563,1010166,35708102,47,1083746,0
1771565851296636502,Attack_Hot_LowVolt,80.592,1.1563,115509,29176789,49,3127947,0
1771565851403825332,Attack_Hot_LowVolt,81.668,1.1563,41079,35851136,48,1689517,0
1771565851511881720,Attack_Hot_LowVolt,80.592,1.1563,291626,32571279,47,1372486,0
1771565851611834492,Attack_Hot_LowVolt,80.592,1.1563,410159,38367399,49,1139356,0
1771565851716912362,Attack_Hot_LowVolt,80.592,1.1563,568891,32673444,48,1216720,0
1771565851820910771,Attack_Hot_LowVolt,80.592,1.1563,1247466,34688757,48,848507,0
1771565851919878342,Attack_Hot_LowVolt,80.592,1.1563,388928,30778139,48,1135431,0
1771565852022440173,Attack_Hot_LowVolt,80.592,1.1563,383766,30248596,117,1140301,0
1771565852128739271,Attack_Hot_LowVolt,80.592,1.1563,497348,28630082,47,937658,0
1771565852236429308,Attack_Hot_LowVolt,81.13,1.1563,715195,29236036,47,852681,0
1771565852328082902,Attack_Hot_LowVolt,80.592,1.1563,660447,29630347,52,986131,0
1771565852431907328,Attack_Hot_LowVolt,80.054,1.1563,580743,25615877,47,2180224,0
1771565852532152517,Attack_Hot_LowVolt,80.592,1.1563,525246,30996134,49,1347282,0
1771565852640157154,Attack_Hot_LowVolt,80.592,1.1563,579226,31405041,47,1192965,0
1771565852747773137,Attack_Hot_LowVolt,80.592,1.1563,431668,34116314,49,2812222,0
1771565852841464577,Attack_Hot_LowVolt,81.13,1.1563,375693,34097785,49,1316702,0
1771565852944220372,Attack_Hot_LowVolt,81.668,1.1563,1450511,42332342,47,1043615,0
1771565853048091061,Attack_Hot_LowVolt,81.13,1.1563,767318,30725353,115,2811488,0
1771565853148047376,Attack_Hot_LowVolt,80.592,1.1563,834928,34672120,49,1009514,0
1771565853247892870,Attack_Hot_LowVolt,80.592,1.1563,253749,37985581,49,1304011,0
1771565853348222166,Attack_Hot_LowVolt,81.13,1.1563,610258,34664494,47,1382147,0
1771565853452237150,Attack_Hot_LowVolt,81.668,1.1563,708251,34535368,48,1094294,0
1771565853556056635,Attack_Hot_LowVolt,81.13,1.1563,189199,30290740,47,1040043,0
1771565853653951823,Attack_Hot_LowVolt,80.592,1.1563,306940,32714088,50,1279923,0
1771565853764032860,Attack_Hot_LowVolt,81.13,1.1563,383903,35549706,48,1516964,0
1771565853857060301,Attack_Hot_LowVolt,80.054,1.1563,247030,31495686,49,1320532,0
1771565853956871945,Attack_Hot_LowVolt,81.13,1.1563,158909,31837120,48,2255517,0
1771565854063832377,Attack_Hot_LowVolt,80.592,1.1563,347145,32195578,118,2458800,0
1771565854168619366,Attack_Hot_LowVolt,80.592,1.1563,495678,30736059,47,1107481,0
1771565854275880099,Attack_Hot_LowVolt,81.13,1.1563,594010,40738493,50,1302459,0
1771565854379830825,Attack_Hot_LowVolt,80.592,1.1563,1022316,29874691,48,794454,0
1771565854477022595,Attack_Hot_LowVolt,80.592,1.1563,1119372,30165235,47,534366,0
1771565854585022362,Attack_Hot_LowVolt,80.592,1.1563,792241,31412393,48,907013,0
1771565854688601357,Attack_Hot_LowVolt,80.592,1.1563,744930,28766199,47,720775,0
1771565854788938360,Attack_Hot_LowVolt,80.592,1.1563,715966,28105395,49,740087,0
1771565854892700044,Attack_Hot_LowVolt,81.13,1.1563,500299,30314506,47,1612255,0
1771565854992844463,Attack_Hot_LowVolt,81.13,1.1563,428842,24962026,49,2094976,8
1771565855099824437,Attack_Hot_LowVolt,80.592,1.1563,411061,31943548,117,1766371,0
1771565855203888853,Attack_Hot_LowVolt,80.592,1.1563,258026,33891212,47,2545450,2
1771565855304616750,Attack_Hot_LowVolt,80.592,1.1563,346062,38259578,48,1458053,0
1771565855411820675,Attack_Hot_LowVolt,81.13,1.1563,1129191,42596282,47,2084123,0
1771565855511897235,Attack_Hot_LowVolt,80.592,1.1563,303694,30220664,48,2018962,0
1771565855612726996,Attack_Hot_LowVolt,81.668,1.1563,1224411,37389730,47,1090832,0
1771565855723775823,Attack_Hot_LowVolt,81.13,1.1563,300316,30496269,47,1136696,0
1771565855823914408,Attack_Hot_LowVolt,81.668,1.1563,255403,34514327,47,959488,0
1771565855923916757,Attack_Hot_LowVolt,80.592,1.1563,1043683,38342250,49,1210884,0
1771565856024527668,Attack_Hot_LowVolt,80.592,1.1563,298204,34313627,117,1458685,0
1771565856132899498,Attack_Hot_LowVolt,81.13,1.1563,204680,34084774,47,1445887,0
1771565856235934234,Attack_Hot_LowVolt,80.592,1.1563,348123,32768422,50,1284298,0
1771565856339918141,Attack_Hot_LowVolt,80.592,1.1563,361330,32719492,48,1380132,0
1771565856436473922,Attack_Hot_LowVolt,81.13,1.1563,530398,34996974,47,1362135,0
1771565856543916736,Attack_Hot_LowVolt,81.13,1.1563,561819,30798400,48,1680138,0
1771565856652996565,Attack_Hot_LowVolt,81.13,1.1563,358357,30308369,49,2472949,0
1771565856749546358,Attack_Hot_LowVolt,80.592,1.1563,509754,33774915,50,1327010,0
1771565856855977559,Attack_Hot_LowVolt,81.13,1.1563,873837,36583274,47,848393,0
1771565856956135827,Attack_Hot_LowVolt,81.13,1.1563,683404,26684912,48,787062,0
1771565857059866200,Attack_Hot_LowVolt,81.668,1.1563,1458217,32292524,117,531108,0
1771565857168930675,Attack_Hot_LowVolt,80.592,1.1563,689501,32005623,48,1020521,0
1771565857271809021,Attack_Hot_LowVolt,80.592,1.1563,489465,26782401,48,2663367,0
1771565857367877656,Attack_Hot_LowVolt,80.592,1.1563,466635,29502734,49,908198,0
1771565857479895211,Attack_Hot_LowVolt,81.13,1.1563,584353,29996042,47,936180,0
1771565857576261732,Attack_Hot_LowVolt,81.668,1.1563,397464,35225552,48,3396663,0
1771565857679863909,Attack_Hot_LowVolt,81.668,1.1563,414608,41820876,47,1405909,0
1771565857792885162,Attack_Hot_LowVolt,81.13,1.1563,120492,37264852,47,1924205,0
1771565857900822358,Attack_Hot_LowVolt,81.668,1.1563,1379700,34627218,47,2527281,0
1771565857999941667,Attack_Hot_LowVolt,80.592,1.1563,890905,34693310,116,745299,0
1771565858100102784,Attack_Hot_LowVolt,80.592,1.1563,328178,29239007,48,1101192,0
1771565858202332913,Attack_Hot_LowVolt,80.592,1.1563,414760,36991272,48,1074382,0
1771565858311778243,Attack_Hot_LowVolt,80.592,1.1563,366219,33371255,48,1362432,0
1771565858416744291,Attack_Hot_LowVolt,80.592,1.1563,1123956,37309708,49,970598,0
1771565858519864278,Attack_Hot_LowVolt,80.592,1.1563,285371,32031828,47,1102779,0
1771565858616289532,Attack_Hot_LowVolt,80.592,1.1563,359151,32649080,49,1289656,0
1771565858712503662,Attack_Hot_LowVolt,80.592,1.1563,180908,34488135,47,2148183,0
1771565858823811458,Attack_Hot_LowVolt,81.13,1.1563,44730,34310148,47,3068790,0
1771565858927911084,Attack_Hot_LowVolt,80.592,1.1563,294469,33800135,48,1303970,0
1771565859031834624,Attack_Hot_LowVolt,81.13,1.1563,436445,30937012,116,1293022,0
1771565859137043722,Attack_Hot_LowVolt,81.13,1.1563,527483,36201510,47,1016904,0
1771565859244583001,Attack_Hot_LowVolt,80.592,1.1563,916746,33039748,49,1120449,0
1771565859344430607,Attack_Hot_LowVolt,81.13,1.1563,1067666,29318459,48,539780,0
1771565859443898667,Attack_Hot_LowVolt,81.13,1.1563,733766,29330297,49,828667,0
1771565859552959356,Attack_Hot_LowVolt,81.13,1.1563,592360,27527691,47,766713,0
1771565859651872524,Attack_Hot_LowVolt,81.13,1.1563,676903,26778590,49,677478,0
1771565859755854766,Attack_Hot_LowVolt,81.13,1.1563,567589,27931045,47,796605,0
1771565859859785502,Attack_Hot_LowVolt,80.592,1.1563,599387,28277997,47,770731,0
1771565859960139203,Attack_Hot_LowVolt,80.592,1.1563,554315,31999266,48,2035221,0
1771565860064266832,Attack_Hot_LowVolt,80.592,1.1563,279903,25906079,116,3913605,0
1771565860172308461,Attack_Hot_LowVolt,80.592,1.1563,392985,36276192,47,1465499,0
1771565860265437975,Attack_Hot_LowVolt,80.592,1.1563,437227,38585280,50,1175194,0
1771565860372286649,Attack_Hot_LowVolt,81.13,1.1563,600527,34664005,49,2058828,0
1771565860472281732,Attack_Hot_LowVolt,80.592,1.1563,1046547,34880282,47,1940790,0
1771565860575934838,Attack_Hot_LowVolt,81.13,1.1563,860051,32683813,46,895232,0
1771565860672829499,Attack_Hot_LowVolt,80.592,1.1563,376287,36899822,49,1056731,0
1771565860779899453,Attack_Hot_LowVolt,81.13,1.1563,1117381,38122655,48,1139600,0
1771565860878272978,Attack_Hot_LowVolt,81.668,1.1563,293746,30706505,49,1107549,0
1771565860983896930,Attack_Hot_LowVolt,81.13,1.1563,337115,29478063,47,1028656,0
1771565861081520852,Attack_Hot_LowVolt,81.13,1.1563,408515,35065496,116,1332972,0
1771565861192650567,Attack_Hot_LowVolt,81.668,1.1563,290554,34472475,50,1441195,0
1771565861295880638,Attack_Hot_LowVolt,80.592,1.1563,41326,31292404,47,3267154,0
1771565861400835071,Attack_Hot_LowVolt,80.592,1.1563,51008,32698312,50,1584130,0
1771565861503979160,Attack_Hot_LowVolt,80.592,1.1563,111778,42490379,47,1949632,0
1771565861607939055,Attack_Hot_LowVolt,80.592,1.1563,311989,33088936,49,1486040,0
1771565861708974860,Attack_Hot_LowVolt,80.592,1.1563,1389516,28511238,48,459791,0
1771565861811855590,Attack_Hot_LowVolt,81.13,1.1563,777653,29931047,47,692604,0
1771565861927802022,Attack_Hot_LowVolt,81.13,1.1563,568373,27015284,49,742271,0
1771565862016116328,Attack_Hot_LowVolt,80.592,1.1563,718041,29370529,115,866435,0
1771565862119943054,Attack_Hot_LowVolt,80.592,1.1563,778736,30960653,47,910329,0
1771565862216130724,Attack_Hot_LowVolt,80.592,1.1563,634156,26599468,48,669903,0
1771565862328928462,Attack_Hot_LowVolt,80.592,1.1563,736539,30011223,50,879810,0
1771565862431911728,Attack_Hot_LowVolt,81.13,1.1563,800701,33681963,48,1195574,0
1771565862535877503,Attack_Hot_LowVolt,81.13,1.1563,470317,29875107,48,3012604,0
1771565862635895689,Attack_Hot_LowVolt,80.592,1.1563,469677,31433472,47,1047526,0
1771565862732587321,Attack_Hot_LowVolt,80.592,1.1563,340098,35406777,48,4244559,0
1771565862840558179,Attack_Hot_LowVolt,80.592,1.1563,790826,34722698,48,1913901,0
1771565862939815866,Attack_Hot_LowVolt,81.13,1.1563,713526,32333534,49,970624,0
1771565863045429252,Attack_Hot_LowVolt,80.592,1.1563,411820,38809255,116,1045842,0
1771565863149602762,Attack_Hot_LowVolt,80.592,1.1563,532538,33300443,48,1170547,0
1771565863251949883,Attack_Hot_LowVolt,81.13,1.1563,1833137,38391379,50,603668,0
1771565863356489609,Attack_Hot_LowVolt,80.592,1.1563,438492,32337522,50,1087439,0
1771565863460810658,Attack_Hot_LowVolt,81.668,1.1563,300374,32107987,48,1104069,0
1771565863557600076,Attack_Hot_LowVolt,81.13,1.1563,174745,30656116,49,2178813,0
1771565863660773369,Attack_Hot_LowVolt,81.13,1.1563,37847,31254099,48,2416973,0
1771565863760708739,Attack_Hot_LowVolt,81.13,1.1563,41591,36354929,50,1700089,0
1771565863873409410,Attack_Hot_LowVolt,81.13,1.1563,240124,34989235,49,1117791,0
1771565863969310788,Attack_Hot_LowVolt,80.592,1.1563,471274,31033571,48,1295783,0
1771565864071828408,Attack_Hot_LowVolt,80.592,1.1563,1174162,39460634,116,1233403,0
1771565864176055240,Attack_Hot_LowVolt,80.592,1.1563,424417,30677080,49,1120291,0
1771565864271813749,Attack_Hot_LowVolt,81.13,1.1563,458548,27475651,50,892579,0
1771565864371852378,Attack_Hot_LowVolt,81.13,1.1563,463967,29623007,48,1036383,0
1771565864479888178,Attack_Hot_LowVolt,81.13,1.1563,493155,33066170,49,1245467,0
1771565864583897791,Attack_Hot_LowVolt,80.592,1.1563,484316,30813561,47,1080600,0
1771565864676555443,Attack_Hot_LowVolt,81.13,1.1563,709161,31631408,49,1148040,0
1771565864783867508,Attack_Hot_LowVolt,80.592,1.1563,519827,32610982,50,3179610,0
1771565864892941231,Attack_Hot_LowVolt,81.668,1.1563,476091,31393217,47,1022795,0
1771565864999808755,Attack_Hot_LowVolt,81.13,1.1563,736811,35321121,50,849320,0
1771565865092889880,Attack_Hot_LowVolt,81.13,1.1563,660674,24676878,115,693956,0
1771565865192603369,Attack_Hot_LowVolt,81.668,1.1563,1302427,31955116,48,2782418,0
1771565865303920792,Attack_Hot_LowVolt,80.592,1.1563,603580,33005123,48,874603,0
1771565865396513791,Attack_Hot_LowVolt,80.592,1.1563,576965,31532996,49,1010537,0
1771565865503914699,Attack_Hot_LowVolt,81.13,1.1563,513695,36852553,48,1034366,0
1771565865607891234,Attack_Hot_LowVolt,81.668,1.1563,1175099,32603918,49,847048,0
1771565865708493444,Attack_Hot_LowVolt,81.13,1.1563,469817,29982534,47,2072556,0
1771565865816651001,Attack_Hot_LowVolt,80.592,1.1563,356037,31272974,47,1849965,0
1771565865920683208,Attack_Hot_LowVolt,80.592,1.1563,69108,30115651,47,3220954,0
1771565866019879581,Attack_Hot_LowVolt,80.592,1.1563,68000,34453117,117,1771701,0
1771565866128585940,Attack_Hot_LowVolt,81.13,1.1563,215691,36477973,47,1138133,0
1771565866231789827,Attack_Hot_LowVolt,81.13,1.1563,1198412,35816971,47,1018665,0
1771565866332015703,Attack_Hot_LowVolt,81.668,1.1563,380845,38404782,48,1089164,0
1771565866439930779,Attack_Hot_LowVolt,81.13,1.1563,302912,31795499,50,1358842,0
1771565866539901887,Attack_Hot_LowVolt,80.592,1.1563,1257803,34831902,47,860448,0
1771565866647803891,Attack_Hot_LowVolt,80.592,1.1563,273821,31706276,49,1201342,0
1771565866744687934,Attack_Hot_LowVolt,81.13,1.1563,476210,30856294,47,1140843,0
1771565866847912966,Attack_Hot_LowVolt,81.13,1.1563,497014,31817230,47,1057244,0
1771565866959867259,Attack_Hot_LowVolt,81.13,1.1563,328794,31064622,52,1376726,0
1771565867052605757,Attack_Hot_LowVolt,80.592,1.1563,249858,37329379,116,3582855,0
1771565867163934326,Attack_Hot_LowVolt,80.592,1.1563,370310,32135020,49,1194960,0
